name,value,year,lastValue,rank
diabetes,1,1816,0,1
arthritis,0,1816,0,2
chagas,0,1816,0,3
hiv,0,1816,0,4
malaria,0,1816,0,5
dengue,0,1816,0,6
tuberculosis,0,1816,0,7
diabetes,3,1817,1,1
dengue,0,1817,0,2
tuberculosis,0,1817,0,3
malaria,0,1817,0,4
hiv,0,1817,0,5
arthritis,0,1817,0,6
chagas,0,1817,0,7
diabetes,4,1818,3,1
hiv,0,1818,0,2
chagas,0,1818,0,3
arthritis,0,1818,0,4
dengue,0,1818,0,5
tuberculosis,0,1818,0,6
malaria,0,1818,0,7
diabetes,4,1819,4,1
tuberculosis,0,1819,0,2
dengue,0,1819,0,3
malaria,0,1819,0,4
hiv,0,1819,0,5
arthritis,0,1819,0,6
chagas,0,1819,0,7
diabetes,6,1820,4,1
hiv,0,1820,0,2
chagas,0,1820,0,3
arthritis,0,1820,0,4
tuberculosis,0,1820,0,5
dengue,0,1820,0,6
malaria,0,1820,0,7
diabetes,6,1821,6,1
malaria,0,1821,0,2
dengue,0,1821,0,3
tuberculosis,0,1821,0,4
arthritis,0,1821,0,5
chagas,0,1821,0,6
hiv,0,1821,0,7
diabetes,7,1822,6,1
dengue,0,1822,0,2
tuberculosis,0,1822,0,3
malaria,0,1822,0,4
hiv,0,1822,0,5
arthritis,0,1822,0,6
chagas,0,1822,0,7
diabetes,7,1823,7,1
hiv,0,1823,0,2
arthritis,0,1823,0,3
chagas,0,1823,0,4
dengue,0,1823,0,5
tuberculosis,0,1823,0,6
malaria,0,1823,0,7
diabetes,7,1824,7,1
hiv,0,1824,0,2
arthritis,0,1824,0,3
chagas,0,1824,0,4
dengue,0,1824,0,5
tuberculosis,0,1824,0,6
malaria,0,1824,0,7
diabetes,7,1825,7,1
chagas,0,1825,0,2
arthritis,0,1825,0,3
hiv,0,1825,0,4
malaria,0,1825,0,5
dengue,0,1825,0,6
tuberculosis,0,1825,0,7
diabetes,8,1826,7,1
arthritis,0,1826,0,2
chagas,0,1826,0,3
hiv,0,1826,0,4
malaria,0,1826,0,5
dengue,0,1826,0,6
tuberculosis,0,1826,0,7
diabetes,8,1827,8,1
malaria,0,1827,0,2
tuberculosis,0,1827,0,3
dengue,0,1827,0,4
chagas,0,1827,0,5
arthritis,0,1827,0,6
hiv,0,1827,0,7
diabetes,8,1828,8,1
malaria,4,1828,0,2
chagas,0,1828,0,3
arthritis,0,1828,0,4
hiv,0,1828,0,5
tuberculosis,0,1828,0,6
dengue,0,1828,0,7
diabetes,9,1829,8,1
malaria,4,1829,4,2
dengue,0,1829,0,3
tuberculosis,0,1829,0,4
chagas,0,1829,0,5
arthritis,0,1829,0,6
hiv,0,1829,0,7
diabetes,10,1830,9,1
malaria,4,1830,4,2
chagas,0,1830,0,3
arthritis,0,1830,0,4
hiv,0,1830,0,5
dengue,0,1830,0,6
tuberculosis,0,1830,0,7
diabetes,10,1831,10,1
malaria,4,1831,4,2
arthritis,0,1831,0,3
chagas,0,1831,0,4
hiv,0,1831,0,5
tuberculosis,0,1831,0,6
dengue,0,1831,0,7
diabetes,10,1832,10,1
malaria,5,1832,4,2
tuberculosis,0,1832,0,3
dengue,0,1832,0,4
hiv,0,1832,0,5
arthritis,0,1832,0,6
chagas,0,1832,0,7
diabetes,10,1833,10,1
malaria,6,1833,5,2
hiv,0,1833,0,3
arthritis,0,1833,0,4
chagas,0,1833,0,5
tuberculosis,0,1833,0,6
dengue,0,1833,0,7
diabetes,10,1834,10,1
malaria,6,1834,6,2
chagas,0,1834,0,3
arthritis,0,1834,0,4
hiv,0,1834,0,5
tuberculosis,0,1834,0,6
dengue,0,1834,0,7
diabetes,10,1835,10,1
malaria,7,1835,6,2
tuberculosis,0,1835,0,3
dengue,0,1835,0,4
chagas,0,1835,0,5
arthritis,0,1835,0,6
hiv,0,1835,0,7
diabetes,10,1836,10,1
malaria,8,1836,7,2
hiv,0,1836,0,3
chagas,0,1836,0,4
arthritis,0,1836,0,5
dengue,0,1836,0,6
tuberculosis,0,1836,0,7
diabetes,10,1837,10,1
malaria,8,1837,8,2
dengue,0,1837,0,3
tuberculosis,0,1837,0,4
chagas,0,1837,0,5
arthritis,0,1837,0,6
hiv,0,1837,0,7
diabetes,10,1838,10,1
malaria,8,1838,8,2
hiv,0,1838,0,3
chagas,0,1838,0,4
arthritis,0,1838,0,5
dengue,0,1838,0,6
tuberculosis,0,1838,0,7
diabetes,10,1839,10,1
malaria,8,1839,8,2
hiv,0,1839,0,3
arthritis,0,1839,0,4
chagas,0,1839,0,5
dengue,0,1839,0,6
tuberculosis,0,1839,0,7
diabetes,13,1840,10,1
malaria,8,1840,8,2
hiv,0,1840,0,3
chagas,0,1840,0,4
arthritis,0,1840,0,5
tuberculosis,0,1840,0,6
dengue,0,1840,0,7
diabetes,16,1841,13,1
malaria,8,1841,8,2
tuberculosis,0,1841,0,3
dengue,0,1841,0,4
hiv,0,1841,0,5
chagas,0,1841,0,6
arthritis,0,1841,0,7
diabetes,17,1842,16,1
malaria,8,1842,8,2
hiv,0,1842,0,3
arthritis,0,1842,0,4
chagas,0,1842,0,5
dengue,0,1842,0,6
tuberculosis,0,1842,0,7
diabetes,23,1843,17,1
malaria,11,1843,8,2
dengue,0,1843,0,3
tuberculosis,0,1843,0,4
chagas,0,1843,0,5
arthritis,0,1843,0,6
hiv,0,1843,0,7
diabetes,23,1844,23,1
malaria,13,1844,11,2
dengue,0,1844,0,3
tuberculosis,0,1844,0,4
hiv,0,1844,0,5
chagas,0,1844,0,6
arthritis,0,1844,0,7
diabetes,25,1845,23,1
malaria,13,1845,13,2
arthritis,0,1845,0,3
chagas,0,1845,0,4
hiv,0,1845,0,5
tuberculosis,0,1845,0,6
dengue,0,1845,0,7
diabetes,27,1846,25,1
malaria,13,1846,13,2
tuberculosis,0,1846,0,3
dengue,0,1846,0,4
chagas,0,1846,0,5
arthritis,0,1846,0,6
hiv,0,1846,0,7
diabetes,28,1847,27,1
malaria,13,1847,13,2
dengue,0,1847,0,3
tuberculosis,0,1847,0,4
hiv,0,1847,0,5
chagas,0,1847,0,6
arthritis,0,1847,0,7
diabetes,31,1848,28,1
malaria,13,1848,13,2
tuberculosis,2,1848,0,3
dengue,0,1848,0,4
chagas,0,1848,0,5
arthritis,0,1848,0,6
hiv,0,1848,0,7
diabetes,33,1849,31,1
malaria,13,1849,13,2
tuberculosis,2,1849,2,3
dengue,0,1849,0,4
chagas,0,1849,0,5
arthritis,0,1849,0,6
hiv,0,1849,0,7
diabetes,33,1850,33,1
malaria,13,1850,13,2
tuberculosis,2,1850,2,3
dengue,0,1850,0,4
hiv,0,1850,0,5
arthritis,0,1850,0,6
chagas,0,1850,0,7
diabetes,33,1851,33,1
malaria,13,1851,13,2
tuberculosis,2,1851,2,3
chagas,0,1851,0,4
arthritis,0,1851,0,5
hiv,0,1851,0,6
dengue,0,1851,0,7
diabetes,33,1852,33,1
malaria,13,1852,13,2
tuberculosis,2,1852,2,3
dengue,1,1852,0,4
arthritis,0,1852,0,5
chagas,0,1852,0,6
hiv,0,1852,0,7
diabetes,36,1853,33,1
malaria,13,1853,13,2
tuberculosis,5,1853,2,3
dengue,1,1853,1,4
hiv,0,1853,0,5
chagas,0,1853,0,6
arthritis,0,1853,0,7
diabetes,36,1854,36,1
malaria,13,1854,13,2
tuberculosis,6,1854,5,3
dengue,1,1854,1,4
hiv,0,1854,0,5
arthritis,0,1854,0,6
chagas,0,1854,0,7
diabetes,37,1855,36,1
malaria,14,1855,13,2
tuberculosis,6,1855,6,3
dengue,1,1855,1,4
chagas,0,1855,0,5
arthritis,0,1855,0,6
hiv,0,1855,0,7
diabetes,39,1856,37,1
malaria,18,1856,14,2
tuberculosis,7,1856,6,3
dengue,1,1856,1,4
arthritis,0,1856,0,5
chagas,0,1856,0,6
hiv,0,1856,0,7
diabetes,46,1857,39,1
malaria,19,1857,18,2
tuberculosis,7,1857,7,3
dengue,1,1857,1,4
chagas,0,1857,0,5
arthritis,0,1857,0,6
hiv,0,1857,0,7
diabetes,46,1858,46,1
malaria,19,1858,19,2
tuberculosis,7,1858,7,3
dengue,1,1858,1,4
arthritis,1,1858,0,5
hiv,0,1858,0,6
chagas,0,1858,0,7
diabetes,49,1859,46,1
malaria,19,1859,19,2
tuberculosis,7,1859,7,3
dengue,1,1859,1,4
arthritis,1,1859,1,5
hiv,0,1859,0,6
chagas,0,1859,0,7
diabetes,50,1860,49,1
malaria,19,1860,19,2
tuberculosis,7,1860,7,3
dengue,1,1860,1,4
arthritis,1,1860,1,5
hiv,0,1860,0,6
chagas,0,1860,0,7
diabetes,51,1861,50,1
malaria,19,1861,19,2
tuberculosis,7,1861,7,3
arthritis,1,1861,1,4
dengue,1,1861,1,5
chagas,0,1861,0,6
hiv,0,1861,0,7
diabetes,53,1862,51,1
malaria,19,1862,19,2
tuberculosis,7,1862,7,3
dengue,1,1862,1,4
arthritis,1,1862,1,5
hiv,0,1862,0,6
chagas,0,1862,0,7
diabetes,53,1863,53,1
malaria,19,1863,19,2
tuberculosis,7,1863,7,3
arthritis,1,1863,1,4
dengue,1,1863,1,5
chagas,0,1863,0,6
hiv,0,1863,0,7
diabetes,54,1864,53,1
malaria,19,1864,19,2
tuberculosis,7,1864,7,3
arthritis,1,1864,1,4
dengue,1,1864,1,5
hiv,0,1864,0,6
chagas,0,1864,0,7
diabetes,56,1865,54,1
malaria,19,1865,19,2
tuberculosis,7,1865,7,3
dengue,1,1865,1,4
arthritis,1,1865,1,5
hiv,0,1865,0,6
chagas,0,1865,0,7
diabetes,57,1866,56,1
malaria,20,1866,19,2
tuberculosis,7,1866,7,3
arthritis,1,1866,1,4
dengue,1,1866,1,5
hiv,0,1866,0,6
chagas,0,1866,0,7
diabetes,59,1867,57,1
malaria,20,1867,20,2
tuberculosis,10,1867,7,3
dengue,2,1867,1,4
arthritis,1,1867,1,5
hiv,0,1867,0,6
chagas,0,1867,0,7
diabetes,59,1868,59,1
malaria,20,1868,20,2
tuberculosis,11,1868,10,3
dengue,2,1868,2,4
arthritis,1,1868,1,5
chagas,0,1868,0,6
hiv,0,1868,0,7
diabetes,65,1869,59,1
malaria,20,1869,20,2
tuberculosis,13,1869,11,3
dengue,2,1869,2,4
arthritis,1,1869,1,5
hiv,0,1869,0,6
chagas,0,1869,0,7
diabetes,68,1870,65,1
malaria,20,1870,20,2
tuberculosis,15,1870,13,3
dengue,2,1870,2,4
arthritis,1,1870,1,5
chagas,0,1870,0,6
hiv,0,1870,0,7
diabetes,70,1871,68,1
malaria,20,1871,20,2
tuberculosis,17,1871,15,3
dengue,3,1871,2,4
arthritis,1,1871,1,5
hiv,0,1871,0,6
chagas,0,1871,0,7
diabetes,73,1872,70,1
malaria,21,1872,20,2
tuberculosis,17,1872,17,3
dengue,15,1872,3,4
arthritis,1,1872,1,5
hiv,0,1872,0,6
chagas,0,1872,0,7
diabetes,76,1873,73,1
malaria,23,1873,21,2
dengue,20,1873,15,3
tuberculosis,17,1873,17,4
arthritis,1,1873,1,5
chagas,0,1873,0,6
hiv,0,1873,0,7
diabetes,82,1874,76,1
malaria,24,1874,23,2
dengue,21,1874,20,3
tuberculosis,18,1874,17,4
arthritis,1,1874,1,5
hiv,0,1874,0,6
chagas,0,1874,0,7
diabetes,87,1875,82,1
malaria,30,1875,24,2
dengue,21,1875,21,3
tuberculosis,18,1875,18,4
arthritis,1,1875,1,5
hiv,0,1875,0,6
chagas,0,1875,0,7
diabetes,90,1876,87,1
malaria,31,1876,30,2
dengue,21,1876,21,3
tuberculosis,20,1876,18,4
arthritis,3,1876,1,5
chagas,0,1876,0,6
hiv,0,1876,0,7
diabetes,91,1877,90,1
malaria,31,1877,31,2
dengue,23,1877,21,3
tuberculosis,21,1877,20,4
arthritis,3,1877,3,5
chagas,0,1877,0,6
hiv,0,1877,0,7
diabetes,92,1878,91,1
malaria,31,1878,31,2
dengue,23,1878,23,3
tuberculosis,21,1878,21,4
arthritis,3,1878,3,5
hiv,0,1878,0,6
chagas,0,1878,0,7
diabetes,93,1879,92,1
malaria,31,1879,31,2
dengue,27,1879,23,3
tuberculosis,23,1879,21,4
arthritis,4,1879,3,5
chagas,0,1879,0,6
hiv,0,1879,0,7
diabetes,93,1880,93,1
dengue,31,1880,27,2
malaria,31,1880,31,3
tuberculosis,24,1880,23,4
arthritis,5,1880,4,5
hiv,0,1880,0,6
chagas,0,1880,0,7
diabetes,95,1881,93,1
malaria,34,1881,31,2
dengue,32,1881,31,3
tuberculosis,28,1881,24,4
arthritis,5,1881,5,5
hiv,0,1881,0,6
chagas,0,1881,0,7
diabetes,99,1882,95,1
malaria,36,1882,34,2
dengue,36,1882,32,3
tuberculosis,34,1882,28,4
arthritis,5,1882,5,5
chagas,0,1882,0,6
hiv,0,1882,0,7
diabetes,101,1883,99,1
malaria,39,1883,36,2
tuberculosis,39,1883,34,3
dengue,36,1883,36,4
arthritis,5,1883,5,5
chagas,0,1883,0,6
hiv,0,1883,0,7
diabetes,101,1884,101,1
tuberculosis,44,1884,39,2
malaria,42,1884,39,3
dengue,36,1884,36,4
arthritis,6,1884,5,5
chagas,0,1884,0,6
hiv,0,1884,0,7
diabetes,104,1885,101,1
tuberculosis,47,1885,44,2
malaria,44,1885,42,3
dengue,37,1885,36,4
arthritis,6,1885,6,5
hiv,0,1885,0,6
chagas,0,1885,0,7
diabetes,108,1886,104,1
tuberculosis,49,1886,47,2
malaria,45,1886,44,3
dengue,37,1886,37,4
arthritis,6,1886,6,5
chagas,0,1886,0,6
hiv,0,1886,0,7
diabetes,108,1887,108,1
tuberculosis,52,1887,49,2
malaria,46,1887,45,3
dengue,37,1887,37,4
arthritis,6,1887,6,5
chagas,0,1887,0,6
hiv,0,1887,0,7
diabetes,111,1888,108,1
tuberculosis,59,1888,52,2
malaria,49,1888,46,3
dengue,37,1888,37,4
arthritis,9,1888,6,5
chagas,0,1888,0,6
hiv,0,1888,0,7
diabetes,117,1889,111,1
tuberculosis,73,1889,59,2
malaria,54,1889,49,3
dengue,37,1889,37,4
arthritis,9,1889,9,5
hiv,0,1889,0,6
chagas,0,1889,0,7
diabetes,126,1890,117,1
tuberculosis,90,1890,73,2
malaria,56,1890,54,3
dengue,41,1890,37,4
arthritis,10,1890,9,5
chagas,0,1890,0,6
hiv,0,1890,0,7
diabetes,131,1891,126,1
tuberculosis,113,1891,90,2
malaria,62,1891,56,3
dengue,42,1891,41,4
arthritis,11,1891,10,5
hiv,0,1891,0,6
chagas,0,1891,0,7
diabetes,139,1892,131,1
tuberculosis,126,1892,113,2
malaria,64,1892,62,3
dengue,42,1892,42,4
arthritis,13,1892,11,5
hiv,0,1892,0,6
chagas,0,1892,0,7
diabetes,152,1893,139,1
tuberculosis,135,1893,126,2
malaria,70,1893,64,3
dengue,42,1893,42,4
arthritis,13,1893,13,5
hiv,0,1893,0,6
chagas,0,1893,0,7
diabetes,162,1894,152,1
tuberculosis,152,1894,135,2
malaria,78,1894,70,3
dengue,42,1894,42,4
arthritis,14,1894,13,5
hiv,0,1894,0,6
chagas,0,1894,0,7
diabetes,169,1895,162,1
tuberculosis,168,1895,152,2
malaria,81,1895,78,3
dengue,42,1895,42,4
arthritis,18,1895,14,5
chagas,0,1895,0,6
hiv,0,1895,0,7
tuberculosis,188,1896,168,1
diabetes,174,1896,169,2
malaria,96,1896,81,3
dengue,43,1896,42,4
arthritis,20,1896,18,5
chagas,0,1896,0,6
hiv,0,1896,0,7
tuberculosis,208,1897,188,1
diabetes,179,1897,174,2
malaria,104,1897,96,3
dengue,43,1897,43,4
arthritis,23,1897,20,5
hiv,0,1897,0,6
chagas,0,1897,0,7
tuberculosis,243,1898,208,1
diabetes,184,1898,179,2
malaria,123,1898,104,3
dengue,43,1898,43,4
arthritis,26,1898,23,5
hiv,0,1898,0,6
chagas,0,1898,0,7
tuberculosis,297,1899,243,1
diabetes,186,1899,184,2
malaria,146,1899,123,3
dengue,43,1899,43,4
arthritis,27,1899,26,5
chagas,0,1899,0,6
hiv,0,1899,0,7
tuberculosis,330,1900,297,1
diabetes,190,1900,186,2
malaria,174,1900,146,3
dengue,43,1900,43,4
arthritis,28,1900,27,5
chagas,0,1900,0,6
hiv,0,1900,0,7
tuberculosis,385,1901,330,1
diabetes,201,1901,190,2
malaria,197,1901,174,3
dengue,43,1901,43,4
arthritis,32,1901,28,5
chagas,0,1901,0,6
hiv,0,1901,0,7
tuberculosis,418,1902,385,1
malaria,209,1902,197,2
diabetes,207,1902,201,3
dengue,47,1902,43,4
arthritis,38,1902,32,5
hiv,0,1902,0,6
chagas,0,1902,0,7
tuberculosis,462,1903,418,1
malaria,219,1903,209,2
diabetes,213,1903,207,3
dengue,48,1903,47,4
arthritis,41,1903,38,5
chagas,0,1903,0,6
hiv,0,1903,0,7
tuberculosis,506,1904,462,1
malaria,222,1904,219,2
diabetes,221,1904,213,3
dengue,48,1904,48,4
arthritis,43,1904,41,5
chagas,0,1904,0,6
hiv,0,1904,0,7
tuberculosis,556,1905,506,1
malaria,228,1905,222,2
diabetes,225,1905,221,3
dengue,48,1905,48,4
arthritis,47,1905,43,5
chagas,0,1905,0,6
hiv,0,1905,0,7
tuberculosis,596,1906,556,1
malaria,231,1906,228,2
diabetes,229,1906,225,3
arthritis,52,1906,47,4
dengue,49,1906,48,5
hiv,0,1906,0,6
chagas,0,1906,0,7
tuberculosis,653,1907,596,1
malaria,234,1907,231,2
diabetes,233,1907,229,3
arthritis,61,1907,52,4
dengue,50,1907,49,5
chagas,0,1907,0,6
hiv,0,1907,0,7
tuberculosis,713,1908,653,1
diabetes,241,1908,233,2
malaria,239,1908,234,3
arthritis,67,1908,61,4
dengue,52,1908,50,5
chagas,0,1908,0,6
hiv,0,1908,0,7
tuberculosis,803,1909,713,1
diabetes,247,1909,241,2
malaria,241,1909,239,3
arthritis,84,1909,67,4
dengue,56,1909,52,5
chagas,0,1909,0,6
hiv,0,1909,0,7
tuberculosis,869,1910,803,1
diabetes,252,1910,247,2
malaria,249,1910,241,3
arthritis,100,1910,84,4
dengue,57,1910,56,5
chagas,0,1910,0,6
hiv,0,1910,0,7
tuberculosis,923,1911,869,1
malaria,258,1911,249,2
diabetes,255,1911,252,3
arthritis,110,1911,100,4
dengue,58,1911,57,5
hiv,0,1911,0,6
chagas,0,1911,0,7
tuberculosis,1009,1912,923,1
malaria,267,1912,258,2
diabetes,265,1912,255,3
arthritis,120,1912,110,4
dengue,60,1912,58,5
chagas,0,1912,0,6
hiv,0,1912,0,7
tuberculosis,1125,1913,1009,1
malaria,279,1913,267,2
diabetes,270,1913,265,3
arthritis,131,1913,120,4
dengue,65,1913,60,5
hiv,0,1913,0,6
chagas,0,1913,0,7
tuberculosis,1230,1914,1125,1
malaria,288,1914,279,2
diabetes,279,1914,270,3
arthritis,146,1914,131,4
dengue,65,1914,65,5
hiv,0,1914,0,6
chagas,0,1914,0,7
tuberculosis,1298,1915,1230,1
malaria,304,1915,288,2
diabetes,287,1915,279,3
arthritis,150,1915,146,4
dengue,65,1915,65,5
hiv,0,1915,0,6
chagas,0,1915,0,7
tuberculosis,1352,1916,1298,1
malaria,314,1916,304,2
diabetes,299,1916,287,3
arthritis,152,1916,150,4
dengue,66,1916,65,5
hiv,0,1916,0,6
chagas,0,1916,0,7
tuberculosis,1398,1917,1352,1
malaria,325,1917,314,2
diabetes,313,1917,299,3
arthritis,161,1917,152,4
dengue,66,1917,66,5
hiv,0,1917,0,6
chagas,0,1917,0,7
tuberculosis,1449,1918,1398,1
malaria,348,1918,325,2
diabetes,319,1918,313,3
arthritis,167,1918,161,4
dengue,67,1918,66,5
hiv,0,1918,0,6
chagas,0,1918,0,7
tuberculosis,1501,1919,1449,1
malaria,358,1919,348,2
diabetes,322,1919,319,3
arthritis,170,1919,167,4
dengue,70,1919,67,5
chagas,0,1919,0,6
hiv,0,1919,0,7
tuberculosis,1556,1920,1501,1
malaria,381,1920,358,2
diabetes,335,1920,322,3
arthritis,182,1920,170,4
dengue,70,1920,70,5
hiv,0,1920,0,6
chagas,0,1920,0,7
tuberculosis,1621,1921,1556,1
malaria,399,1921,381,2
diabetes,343,1921,335,3
arthritis,195,1921,182,4
dengue,71,1921,70,5
chagas,0,1921,0,6
hiv,0,1921,0,7
tuberculosis,1683,1922,1621,1
malaria,408,1922,399,2
diabetes,354,1922,343,3
arthritis,212,1922,195,4
dengue,71,1922,71,5
chagas,0,1922,0,6
hiv,0,1922,0,7
tuberculosis,1752,1923,1683,1
malaria,420,1923,408,2
diabetes,378,1923,354,3
arthritis,225,1923,212,4
dengue,74,1923,71,5
hiv,0,1923,0,6
chagas,0,1923,0,7
tuberculosis,1822,1924,1752,1
malaria,438,1924,420,2
diabetes,409,1924,378,3
arthritis,255,1924,225,4
dengue,77,1924,74,5
hiv,0,1924,0,6
chagas,0,1924,0,7
tuberculosis,1899,1925,1822,1
malaria,458,1925,438,2
diabetes,438,1925,409,3
arthritis,272,1925,255,4
dengue,79,1925,77,5
chagas,0,1925,0,6
hiv,0,1925,0,7
tuberculosis,1962,1926,1899,1
malaria,486,1926,458,2
diabetes,459,1926,438,3
arthritis,286,1926,272,4
dengue,81,1926,79,5
chagas,0,1926,0,6
hiv,0,1926,0,7
tuberculosis,2061,1927,1962,1
malaria,515,1927,486,2
diabetes,487,1927,459,3
arthritis,313,1927,286,4
dengue,81,1927,81,5
chagas,0,1927,0,6
hiv,0,1927,0,7
tuberculosis,2135,1928,2061,1
malaria,543,1928,515,2
diabetes,506,1928,487,3
arthritis,327,1928,313,4
dengue,82,1928,81,5
chagas,0,1928,0,6
hiv,0,1928,0,7
tuberculosis,2205,1929,2135,1
malaria,569,1929,543,2
diabetes,519,1929,506,3
arthritis,340,1929,327,4
dengue,82,1929,82,5
chagas,0,1929,0,6
hiv,0,1929,0,7
tuberculosis,2283,1930,2205,1
malaria,598,1930,569,2
diabetes,536,1930,519,3
arthritis,346,1930,340,4
dengue,82,1930,82,5
hiv,0,1930,0,6
chagas,0,1930,0,7
tuberculosis,2360,1931,2283,1
malaria,622,1931,598,2
diabetes,552,1931,536,3
arthritis,358,1931,346,4
dengue,82,1931,82,5
hiv,0,1931,0,6
chagas,0,1931,0,7
tuberculosis,2436,1932,2360,1
malaria,648,1932,622,2
diabetes,568,1932,552,3
arthritis,374,1932,358,4
dengue,83,1932,82,5
hiv,0,1932,0,6
chagas,0,1932,0,7
tuberculosis,2508,1933,2436,1
malaria,663,1933,648,2
diabetes,596,1933,568,3
arthritis,397,1933,374,4
dengue,84,1933,83,5
chagas,0,1933,0,6
hiv,0,1933,0,7
tuberculosis,2588,1934,2508,1
malaria,683,1934,663,2
diabetes,614,1934,596,3
arthritis,412,1934,397,4
dengue,84,1934,84,5
chagas,0,1934,0,6
hiv,0,1934,0,7
tuberculosis,2654,1935,2588,1
malaria,701,1935,683,2
diabetes,631,1935,614,3
arthritis,426,1935,412,4
dengue,84,1935,84,5
hiv,0,1935,0,6
chagas,0,1935,0,7
tuberculosis,2731,1936,2654,1
malaria,721,1936,701,2
diabetes,650,1936,631,3
arthritis,444,1936,426,4
dengue,85,1936,84,5
chagas,1,1936,0,6
hiv,0,1936,0,7
tuberculosis,2804,1937,2731,1
malaria,735,1937,721,2
diabetes,663,1937,650,3
arthritis,460,1937,444,4
dengue,88,1937,85,5
chagas,1,1937,1,6
hiv,0,1937,0,7
tuberculosis,2871,1938,2804,1
malaria,760,1938,735,2
diabetes,688,1938,663,3
arthritis,475,1938,460,4
dengue,88,1938,88,5
chagas,2,1938,1,6
hiv,0,1938,0,7
tuberculosis,2942,1939,2871,1
malaria,773,1939,760,2
diabetes,699,1939,688,3
arthritis,489,1939,475,4
dengue,88,1939,88,5
chagas,2,1939,2,6
hiv,0,1939,0,7
tuberculosis,2998,1940,2942,1
malaria,792,1940,773,2
diabetes,711,1940,699,3
arthritis,508,1940,489,4
dengue,88,1940,88,5
chagas,2,1940,2,6
hiv,0,1940,0,7
tuberculosis,3070,1941,2998,1
malaria,813,1941,792,2
diabetes,722,1941,711,3
arthritis,524,1941,508,4
dengue,88,1941,88,5
chagas,2,1941,2,6
hiv,0,1941,0,7
tuberculosis,3136,1942,3070,1
malaria,831,1942,813,2
diabetes,734,1942,722,3
arthritis,538,1942,524,4
dengue,88,1942,88,5
chagas,2,1942,2,6
hiv,0,1942,0,7
tuberculosis,3215,1943,3136,1
malaria,856,1943,831,2
diabetes,745,1943,734,3
arthritis,547,1943,538,4
dengue,88,1943,88,5
chagas,2,1943,2,6
hiv,0,1943,0,7
tuberculosis,3323,1944,3215,1
malaria,903,1944,856,2
diabetes,760,1944,745,3
arthritis,560,1944,547,4
dengue,88,1944,88,5
chagas,2,1944,2,6
hiv,0,1944,0,7
tuberculosis,4033,1945,3323,1
malaria,1177,1945,903,2
diabetes,839,1945,760,3
arthritis,693,1945,560,4
dengue,99,1945,88,5
chagas,3,1945,2,6
hiv,0,1945,0,7
tuberculosis,5542,1946,4033,1
malaria,1755,1946,1177,2
arthritis,1163,1946,693,3
diabetes,1125,1946,839,4
dengue,116,1946,99,5
chagas,10,1946,3,6
hiv,0,1946,0,7
tuberculosis,7451,1947,5542,1
malaria,2163,1947,1755,2
arthritis,1658,1947,1163,3
diabetes,1541,1947,1125,4
dengue,123,1947,116,5
chagas,17,1947,10,6
hiv,0,1947,0,7
tuberculosis,9722,1948,7451,1
malaria,2559,1948,2163,2
arthritis,2193,1948,1658,3
diabetes,1975,1948,1541,4
dengue,139,1948,123,5
chagas,26,1948,17,6
hiv,0,1948,0,7
tuberculosis,11929,1949,9722,1
malaria,2865,1949,2559,2
arthritis,2756,1949,2193,3
diabetes,2434,1949,1975,4
dengue,139,1949,139,5
chagas,41,1949,26,6
hiv,0,1949,0,7
tuberculosis,15837,1950,11929,1
arthritis,3760,1950,2756,2
malaria,3200,1950,2865,3
diabetes,3090,1950,2434,4
dengue,143,1950,139,5
chagas,69,1950,41,6
hiv,0,1950,0,7
tuberculosis,19931,1951,15837,1
arthritis,4951,1951,3760,2
diabetes,3876,1951,3090,3
malaria,3539,1951,3200,4
dengue,145,1951,143,5
chagas,109,1951,69,6
hiv,0,1951,0,7
tuberculosis,24649,1952,19931,1
arthritis,6051,1952,4951,2
diabetes,4726,1952,3876,3
malaria,3896,1952,3539,4
chagas,169,1952,109,5
dengue,155,1952,145,6
hiv,0,1952,0,7
tuberculosis,29370,1953,24649,1
arthritis,7080,1953,6051,2
diabetes,5636,1953,4726,3
malaria,4205,1953,3896,4
chagas,224,1953,169,5
dengue,161,1953,155,6
hiv,0,1953,0,7
tuberculosis,33586,1954,29370,1
arthritis,8130,1954,7080,2
diabetes,6558,1954,5636,3
malaria,4530,1954,4205,4
chagas,270,1954,224,5
dengue,170,1954,161,6
hiv,1,1954,0,7
tuberculosis,37422,1955,33586,1
arthritis,9145,1955,8130,2
diabetes,7420,1955,6558,3
malaria,4821,1955,4530,4
chagas,317,1955,270,5
dengue,174,1955,170,6
hiv,1,1955,1,7
tuberculosis,41075,1956,37422,1
arthritis,10172,1956,9145,2
diabetes,8519,1956,7420,3
malaria,5065,1956,4821,4
chagas,353,1956,317,5
dengue,192,1956,174,6
hiv,1,1956,1,7
tuberculosis,44585,1957,41075,1
arthritis,11216,1957,10172,2
diabetes,9641,1957,8519,3
malaria,5280,1957,5065,4
chagas,381,1957,353,5
dengue,200,1957,192,6
hiv,1,1957,1,7
tuberculosis,47522,1958,44585,1
arthritis,12334,1958,11216,2
diabetes,10685,1958,9641,3
malaria,5423,1958,5280,4
chagas,428,1958,381,5
dengue,213,1958,200,6
hiv,1,1958,1,7
tuberculosis,50145,1959,47522,1
arthritis,13306,1959,12334,2
diabetes,11696,1959,10685,3
malaria,5567,1959,5423,4
chagas,474,1959,428,5
dengue,218,1959,213,6
hiv,1,1959,1,7
tuberculosis,52799,1960,50145,1
arthritis,14312,1960,13306,2
diabetes,12610,1960,11696,3
malaria,5719,1960,5567,4
chagas,534,1960,474,5
dengue,223,1960,218,6
hiv,1,1960,1,7
tuberculosis,55290,1961,52799,1
arthritis,15382,1961,14312,2
diabetes,13644,1961,12610,3
malaria,5896,1961,5719,4
chagas,595,1961,534,5
dengue,230,1961,223,6
hiv,1,1961,1,7
tuberculosis,57669,1962,55290,1
arthritis,16587,1962,15382,2
diabetes,14781,1962,13644,3
malaria,6043,1962,5896,4
chagas,641,1962,595,5
dengue,234,1962,230,6
hiv,1,1962,1,7
tuberculosis,60731,1963,57669,1
arthritis,18287,1963,16587,2
diabetes,16519,1963,14781,3
malaria,6258,1963,6043,4
chagas,734,1963,641,5
dengue,252,1963,234,6
hiv,1,1963,1,7
tuberculosis,64138,1964,60731,1
arthritis,20470,1964,18287,2
diabetes,18597,1964,16519,3
malaria,6538,1964,6258,4
chagas,813,1964,734,5
dengue,290,1964,252,6
hiv,1,1964,1,7
tuberculosis,66827,1965,64138,1
arthritis,22346,1965,20470,2
diabetes,20394,1965,18597,3
malaria,6790,1965,6538,4
chagas,898,1965,813,5
dengue,333,1965,290,6
hiv,1,1965,1,7
tuberculosis,69424,1966,66827,1
arthritis,24144,1966,22346,2
diabetes,22254,1966,20394,3
malaria,7109,1966,6790,4
chagas,978,1966,898,5
dengue,379,1966,333,6
hiv,2,1966,1,7
tuberculosis,72316,1967,69424,1
arthritis,26080,1967,24144,2
diabetes,24425,1967,22254,3
malaria,7428,1967,7109,4
chagas,1060,1967,978,5
dengue,423,1967,379,6
hiv,2,1967,2,7
tuberculosis,75343,1968,72316,1
arthritis,28329,1968,26080,2
diabetes,26909,1968,24425,3
malaria,7818,1968,7428,4
chagas,1132,1968,1060,5
dengue,451,1968,423,6
hiv,2,1968,2,7
tuberculosis,78060,1969,75343,1
arthritis,30803,1969,28329,2
diabetes,29359,1969,26909,3
malaria,8274,1969,7818,4
chagas,1257,1969,1132,5
dengue,497,1969,451,6
hiv,2,1969,2,7
tuberculosis,80686,1970,78060,1
arthritis,33170,1970,30803,2
diabetes,31890,1970,29359,3
malaria,8670,1970,8274,4
chagas,1352,1970,1257,5
dengue,549,1970,497,6
hiv,3,1970,2,7
tuberculosis,83327,1971,80686,1
arthritis,35696,1971,33170,2
diabetes,34707,1971,31890,3
malaria,9133,1971,8670,4
chagas,1445,1971,1352,5
dengue,587,1971,549,6
hiv,3,1971,3,7
tuberculosis,85744,1972,83327,1
arthritis,38191,1972,35696,2
diabetes,37359,1972,34707,3
malaria,9597,1972,9133,4
chagas,1547,1972,1445,5
dengue,637,1972,587,6
hiv,3,1972,3,7
tuberculosis,88190,1973,85744,1
arthritis,40777,1973,38191,2
diabetes,39888,1973,37359,3
malaria,10034,1973,9597,4
chagas,1623,1973,1547,5
dengue,700,1973,637,6
hiv,3,1973,3,7
tuberculosis,90531,1974,88190,1
arthritis,43449,1974,40777,2
diabetes,42491,1974,39888,3
malaria,10478,1974,10034,4
chagas,1701,1974,1623,5
dengue,746,1974,700,6
hiv,3,1974,3,7
tuberculosis,92606,1975,90531,1
arthritis,46151,1975,43449,2
diabetes,45073,1975,42491,3
malaria,10892,1975,10478,4
chagas,1799,1975,1701,5
dengue,802,1975,746,6
hiv,3,1975,3,7
tuberculosis,94467,1976,92606,1
arthritis,48684,1976,46151,2
diabetes,47838,1976,45073,3
malaria,11307,1976,10892,4
chagas,1893,1976,1799,5
dengue,850,1976,802,6
hiv,3,1976,3,7
tuberculosis,96208,1977,94467,1
arthritis,51369,1977,48684,2
diabetes,50837,1977,47838,3
malaria,11693,1977,11307,4
chagas,1999,1977,1893,5
dengue,905,1977,850,6
hiv,3,1977,3,7
tuberculosis,97886,1978,96208,1
arthritis,54038,1978,51369,2
diabetes,53907,1978,50837,3
malaria,12156,1978,11693,4
chagas,2119,1978,1999,5
dengue,956,1978,905,6
hiv,3,1978,3,7
tuberculosis,99615,1979,97886,1
diabetes,57390,1979,53907,2
arthritis,56830,1979,54038,3
malaria,12644,1979,12156,4
chagas,2244,1979,2119,5
dengue,1029,1979,956,6
hiv,3,1979,3,7
tuberculosis,101254,1980,99615,1
diabetes,61022,1980,57390,2
arthritis,59530,1980,56830,3
malaria,13076,1980,12644,4
chagas,2397,1980,2244,5
dengue,1088,1980,1029,6
hiv,3,1980,3,7
tuberculosis,102888,1981,101254,1
diabetes,64721,1981,61022,2
arthritis,62486,1981,59530,3
malaria,13573,1981,13076,4
chagas,2548,1981,2397,5
dengue,1155,1981,1088,6
hiv,3,1981,3,7
tuberculosis,104767,1982,102888,1
diabetes,68838,1982,64721,2
arthritis,65637,1982,62486,3
malaria,14213,1982,13573,4
chagas,2709,1982,2548,5
dengue,1226,1982,1155,6
hiv,7,1982,3,7
tuberculosis,106471,1983,104767,1
diabetes,73099,1983,68838,2
arthritis,69118,1983,65637,3
malaria,14871,1983,14213,4
chagas,2886,1983,2709,5
dengue,1306,1983,1226,6
hiv,18,1983,7,7
tuberculosis,108146,1984,106471,1
diabetes,77551,1984,73099,2
arthritis,72468,1984,69118,3
malaria,15612,1984,14871,4
chagas,3051,1984,2886,5
dengue,1389,1984,1306,6
hiv,68,1984,18,7
tuberculosis,109906,1985,108146,1
diabetes,82302,1985,77551,2
arthritis,75904,1985,72468,3
malaria,16384,1985,15612,4
chagas,3259,1985,3051,5
dengue,1454,1985,1389,6
hiv,227,1985,68,7
tuberculosis,111684,1986,109906,1
diabetes,87158,1986,82302,2
arthritis,79605,1986,75904,3
malaria,17160,1986,16384,4
chagas,3461,1986,3259,5
dengue,1531,1986,1454,6
hiv,1021,1986,227,7
tuberculosis,113506,1987,111684,1
diabetes,92390,1987,87158,2
arthritis,83396,1987,79605,3
malaria,18052,1987,17160,4
chagas,3664,1987,3461,5
hiv,3207,1987,1021,6
dengue,1646,1987,1531,7
tuberculosis,115353,1988,113506,1
diabetes,98255,1988,92390,2
arthritis,87429,1988,83396,3
malaria,18987,1988,18052,4
hiv,6936,1988,3207,5
chagas,3938,1988,3664,6
dengue,1730,1988,1646,7
tuberculosis,117506,1989,115353,1
diabetes,104732,1989,98255,2
arthritis,91609,1989,87429,3
malaria,19957,1989,18987,4
hiv,11460,1989,6936,5
chagas,4160,1989,3938,6
dengue,1842,1989,1730,7
tuberculosis,119829,1990,117506,1
diabetes,111447,1990,104732,2
arthritis,95860,1990,91609,3
malaria,21049,1990,19957,4
hiv,17316,1990,11460,5
chagas,4393,1990,4160,6
dengue,1949,1990,1842,7
